Page URL,users,uniquePageviews,pageviews,Brand,Posted On (DD/MM/YYYY)
/2020/12/100Mingle0.812377356586944,128,132,139,"10:e,-(~]*3+YmN&",12/6/2020
/2020/12/101eation0.00709323393764194,146,147,154,10(l2OB^>sfq6m$c,12/7/2020
/2020/12/202[a-cat0.265707930361507,485,493,523,FocYw}.[qP-0k|oD,12/3/2020
/2020/12/202y-info0.218993769769891,426,432,462,"20$L*r>(5""|`UOaz",12/7/2020
/2020/12/202wmiere0.187461637421338,544,551,585,WaKYu%S&?r_fqY6E,12/4/2020
/2020/12/21-^aques0.476472597278095,224,228,240,RIVzi9>($cn!qjFq,12/1/2020
/2020/12/24-z013010.0179723763144171,181,187,241,248Jx|arY~xLwch{,12/8/2020
/2020/12/343mlease0.794977730394533,268,272,294,HaOe|~p9UZ^#pGl),12/9/2020
/2020/12/6-mJpsule0.435924547203861,997,1012,1080,"Mo,o.]e?.?N$}7So",12/2/2020
/2020/12/88ri-info0.0750377918957846,238,244,259,Du(WVE]\Br@B&YsA,12/3/2020
/2020/12/ac-Vation0.55483608181517,915,949,1031,Roz]{up-nZ`/V~$S,12/7/2020
/2020/12/ac-Yuning0.972741370787838,3756,3812,4072,"BMh._Fx~""+dbZy|,",12/4/2020
/2020/12/adiycaged0.998107465693514,1335,1363,1507,ad(;%f6iD'}9EHD[,12/4/2020
/2020/12/adiUation0.627571613588675,466,472,494,adgk-a@1D!Aw8\Z`,12/4/2020
/2020/12/adit-info0.0931554491025853,519,533,581,ad(;%f6iD'}9EHD[,12/9/2020
/2020/12/adii686220.381061198986893,476,488,525,adgk-a@1D!Aw8\Z`,12/5/2020
/2020/12/adijstyle0.444681056973334,529,536,579,ad(;%f6iD'}9EHD[,12/6/2020
/2020/12/adiM-xmas0.0110578640769137,4015,4128,4531,adgk-a@1D!Aw8\Z`,12/8/2020
/2020/12/aditation0.277459564071571,272,276,293,ad(;%f6iD'}9EHD[,12/8/2020
/2020/12/adiv581600.521034441801284,1262,1295,1422,ad(;%f6iD'}9EHD[,12/9/2020
/2020/12/adi_lease0.641023079465593,593,604,647,ad(;%f6iD'}9EHD[,12/3/2020
/2020/12/adiE-date0.142816398212369,1146,1167,1283,ad(;%f6iD'}9EHD[,12/2/2020
/2020/12/adiRstock0.229687396939156,9105,9456,10337,ad(;%f6iD'}9EHD[,12/7/2020
/2020/12/adiE-date0.328016149107411,1469,1497,1637,ad(;%f6iD'}9EHD[,12/8/2020
/2020/12/adiQz49820.957309040323034,1161,1184,1269,ad(;%f6iD'}9EHD[,12/1/2020
/2020/12/airQ-info0.171240252405071,2830,2909,3208,"Jo?$J}r_""0#/!m:",12/9/2020
/2020/12/airz-info0.880589129622619,1981,2039,2229,"Jo?$J}r_""0#/!m:",12/9/2020
/2020/12/airG-info0.162871504358178,7819,8071,8695,"Jo?$J}r_""0#/!m:",12/7/2020
/2020/12/aire-date0.644767203850539,4587,4743,5221,"Jo?$J}r_""0#/!m:",12/7/2020
/2020/12/airM3-1000.457603308042292,7548,7763,8245,"Jo?$J}r_""0#/!m:",12/6/2020
/2020/12/airc3-0030.878766822493864,1225,1258,1365,"Jo?$J}r_""0#/!m:",12/1/2020
/2020/12/alij-news0.758437419223548,991,1014,1072,Al5sF5bLhu-28y&K,12/8/2020
/2020/12/all`store0.0625281488829665,230,231,247,Jex`2KBPsj*XwM_,12/4/2020
/2020/12/amaS-info0.574952211163042,186,189,199,"Th^2{ib0~U*(4y,",12/7/2020
/2020/12/ambX-info0.310911313471433,3413,3499,3787,NiPea$n|Eu@<@>'L,12/1/2020
/2020/12/amistream0.136823868535016,240,248,265,Al_w1b7Rgo1[d5(t,12/3/2020
/2020/12/andk-date0.714374295131349,620,648,704,"Vag9""-Z=gN30ND@[",12/2/2020
/2020/12/andx-info0.805313550947187,1430,1458,1580,MaYv(\vK4F{`#->J,12/9/2020
/2020/12/andYdecks0.43877879836367,288,294,314,Sk].10tP;<gnA(Av,12/7/2020
/2020/12/antC-info0.890976512310752,228,232,241,Lov-nccN`JxSjW]5,12/3/2020
/2020/12/appsation0.396270109580896,6319,6490,6831,Ap!FulqmT[82a2/E,12/8/2020
/2020/12/appowards0.127700404205222,877,891,941,Ap!FulqmT[82a2/E,12/6/2020
/2020/12/appF-info0.860741775899769,2693,2753,2934,Ap!FulqmT[82a2/E,12/7/2020
/2020/12/appeepair0.889893170367355,2480,2515,2719,Ap!FulqmT[82a2/E,12/6/2020
/2020/12/appP-info0.105566796946311,2077,2114,2238,Ap!FulqmT[82a2/E,12/7/2020
/2020/12/appRlease0.102673020688059,687,693,722,Ap!FulqmT[82a2/E,12/4/2020
/2020/12/aptqrging0.274030423379204,1191,1212,1307,ElSy~^S<@2Ij21uv,12/9/2020
/2020/12/arem-news0.847233977493007,1621,1634,1713,"pu,y/-dcblzKvy~O",12/2/2020
/2020/12/arewvideo0.878845281514515,1619,1642,1800,"pu,y/-dcblzKvy~O",12/3/2020
/2020/12/ariHtails0.911533723167173,286,289,306,"Su,(k%w0Kzo^dE}w",12/1/2020
/2020/12/artm-info0.893918031716357,197,200,217,JoOzDd8Gf_aF2O<l,12/2/2020
/2020/12/asak-info0.272774402976534,287,292,308,AsX8Ks>t}q)0=|~C,12/9/2020
/2020/12/asu]-info0.412369400625824,590,603,653,JotaGHjkEr4v:U05,12/3/2020
/2020/12/attC-info0.73683375894278,434,439,464,So)zm5Pl^_G5t?q,12/9/2020
/2020/12/att`-info0.2865518185983,1189,1216,1305,AnPoI\$xgW.:kgQ{,12/7/2020
/2020/12/audPusive0.341314906815286,639,644,676,Au+7+\EII)eJWY'c,12/3/2020
/2020/12/aurBction0.749320937043237,302,306,325,AUyeo0:WxrjFJ>Eh,12/8/2020
/2020/12/bab]-nast0.517479794135028,375,382,406,A${*pxn{a8_0K;Fm,12/4/2020
/2020/12/badv-20200.767040936800535,640,653,689,"SpZ/Eb_86NN,X=vt",12/3/2020
/2020/12/badVd-2000.438891930589461,297,300,317,Bi_{V'GWhv:CTOp9,12/7/2020
/2020/12/bad_glary0.358351016230512,467,473,488,St6{Rrn)0w|WM/ep,12/1/2020
/2020/12/baiJ-dark0.0614775347840691,421,435,479,NiPea$n|Eu@<@>'L,12/2/2020
/2020/12/bal\-game0.218157734175626,1278,1319,1412,"Ba[fUm2df\r2\%""}",12/7/2020
/2020/12/baluwatch0.570381329059297,229,234,249,"Ac8IJsKH,4xtY.Tk",12/2/2020
/2020/12/barTallow0.147134840932747,278,287,312,"Vag9""-Z=gN30ND@[",12/1/2020
/2020/12/barz-20210.132583125086886,441,453,478,"BaEx,XSzpA""uW?`(",12/4/2020
/2020/12/bea]-info0.23195176862282,222,224,239,Beq%eV;7dW|B%4B,12/3/2020
/2020/12/belBlease0.995674036748025,295,297,315,"Ac8IJsKH,4xtY.Tk",12/2/2020
/2020/12/benglease0.976065587528222,435,444,474,"bep8[~6sL5`""ay4N",12/1/2020
/2020/12/besUr-tet0.00537012891635247,390,394,414,BlW5ts7TVJ\DKli,12/2/2020
/2020/12/besQalvin0.162474464796284,324,330,355,Ro+H~5y3aq#CAq|,12/9/2020
/2020/12/besu-blue0.0855088743844528,2228,2297,2544,NiPea$n|Eu@<@>'L,12/1/2020
/2020/12/bes^sa-210.724624361480122,4417,4541,5060,"StVD}k9va/,$huE}",12/8/2020
/2020/12/betl-info0.635591339779036,548,561,606,"CD;37/gQ2""4ki$s;",12/9/2020
/2020/12/bilF-info0.726404360345795,4160,4251,4861,Dr|vm[-5p~56Y\mk,12/8/2020
/2020/12/blag-info0.573445940725389,461,467,494,Ne=:l%8x/P<_.o/U,12/7/2020
/2020/12/blaN-info0.40591195269703,1573,1609,1734,"yo4}AUKGso=,?!DX",12/2/2020
/2020/12/bla_-info0.452525098195684,3284,3367,3746,Dan*`K}b|8i(~Q:F,12/5/2020
/2020/12/blezdhood0.451893191681441,355,356,384,Jex`2KBPsj*XwM_,12/4/2020
/2020/12/bliu-game0.2271986834808,950,958,1031,BloTC6iRhLhvHOzY,12/8/2020
/2020/12/bmwBcycle0.71473820441408,616,625,669,Mo~HGuCqZC<n7di,12/8/2020
/2020/12/bodovideo0.443405390182268,357,365,390,InO7WVXyB)!~Uh[?,12/3/2020
/2020/12/bol^tream0.510938176950647,81,83,86,Bo1(h(eB!\WK!&S$,12/8/2020
/2020/12/botzation0.871431457686859,215,219,235,"Bo,.sBb5u?We2$>D",12/1/2020
/2020/12/braT-date0.09950895063091,1814,1882,2123,"BrDD!7Yg@jc""uls8",12/6/2020
/2020/12/braCle-ng0.826654294001349,245,247,260,Fuf&'}D{xF~nDqcm,12/2/2020
/2020/12/braiorder0.383883980281562,837,850,896,Ap!FulqmT[82a2/E,12/7/2020
/2020/12/bre[-info0.641223259760464,26,27,29,Ol}szHnJOGhmVc[%,12/7/2020
/2020/12/buradents0.677847004787369,1501,1517,1655,BuFAFPk%uWPH=%>[,12/8/2020
/2020/12/butuation0.968494954179097,599,605,642,"Bu3f77tBT7)e,op",12/4/2020
/2020/12/caleranto0.17524080773743,327,331,353,"Ca/Zo*S'pAA""9l>",12/2/2020
/2020/12/camBrview0.420803953161959,72,76,86,Ca#+:/Dld]|j#/=M,12/3/2020
/2020/12/cartlease0.25442454877482,127,126,132,Ca9NuXHDqc7-!7Te,12/1/2020
/2020/12/carQy-kit0.871614727220768,590,599,638,"LaK!4',JKJ+Mjs2",12/7/2020
/2020/12/casS-info0.590035998537701,347,353,392,"BrcCT]p\Z9kJc,6^",12/7/2020
/2020/12/cas]-info0.594718231988412,542,555,597,"Cabu,[q.?Gp,ktdO",12/3/2020
/2020/12/casl-info0.444439530561917,324,328,371,WaQqK)2JxI(=dac=,12/3/2020
/2020/12/chaicoran0.118619060221174,794,807,848,ChWTj#cU(^=?8kx>,12/6/2020
/2020/12/cheI-info0.422206133538591,351,355,393,Ch97!0$/@S4T5hq*,12/7/2020
/2020/12/chez-info0.438868670602951,339,343,367,Ch97!0$/@S4T5hq*,12/7/2020
/2020/12/chiwparel0.897665360181914,673,677,712,Je}|qA.?nWYckYr?,12/2/2020
/2020/12/chrL-york0.372865344640649,42788,49496,103863,"Ch6hNzXa,'=Q=)Wi",12/1/2020
/2020/12/comHstock0.749287117245038,2807,2849,3094,CoGXb3uT&^.NE9Qn,12/2/2020
/2020/12/con]-date0.867800644736541,446,454,504,CoGXb3uT&^.NE9Qn,12/3/2020
/2020/12/con\iking0.596542111257916,209,212,233,CoGXb3uT&^.NE9Qn,12/7/2020
/2020/12/crob-clog0.897424359540514,3461,3581,3997,"Po#b:$tj30!+j>""M",12/4/2020
/2020/12/curt-date0.850378618230337,1706,1740,1915,Un3Iq;#h/1zA_`s?,12/4/2020
/2020/12/cybCpping0.912835834586512,349,354,369,BlcudK~=abQ4JqtY,12/1/2020
/2020/12/cybQeaser0.875372529799634,2262,2322,2526,frUg|tv^erM5|zD,12/8/2020
/2020/12/daiXkbook0.899997961282394,112,113,121,Lo:}7^:YFSc4xYIs,12/8/2020
/2020/12/dayJation0.419000517867039,177,179,186,M&y+BxcBxDr~nv.F,12/8/2020
/2020/12/desBmusic0.925251640049354,343,352,380,"Lo,3oPOn)w}X12`?",12/2/2020
/2020/12/devsllery0.657045659537937,369,377,404,"V1RNsi+*""\$tirHK",12/4/2020
/2020/12/diai-info0.161938226185814,227,228,241,"Mu?1?z.""C3?dJ>_7",12/7/2020
/2020/12/dim^y43820.919007205194399,442,451,489,Re2MCe;?&j88sB,12/1/2020
/2020/12/disnoyees0.0472963946964776,191,194,198,DiCo4(99zZ<nkafj,12/7/2020
/2020/12/dj-otream0.410594677693023,245,247,265,Al_w1b7Rgo1[d5(t,12/7/2020
/2020/12/dolktwear0.987483810392439,675,689,725,Fox}p$]>8$k)Ky(T,12/4/2020
/2020/12/dovNsives0.184850444302436,996,1030,1154,frUg|tv^erM5|zD,12/9/2020
/2020/12/draudrake0.67313324036432,903,940,1007,Dr|vm[-5p~56Y\mk,12/1/2020
/2020/12/drau-info0.521393956654627,11643,11942,12866,NiPea$n|Eu@<@>'L,12/2/2020
/2020/12/dspOction0.995773762100636,323,328,344,"Ac8IJsKH,4xtY.Tk",12/6/2020
/2020/12/duc\igned0.260607381830332,306,310,329,Mo~HGuCqZC<n7di,12/2/2020
/2020/12/dunOwsuit0.113412047745591,781,787,822,WaKYu%S&?r_fqY6E,12/8/2020
/2020/12/dwat-info0.0511488321696774,869,889,935,"DwA.b{wS=mF""GOQ*",12/7/2020
/2020/12/ea-[wsuit0.466123939267517,1914,1962,2070,EA|6Zz~578Oz7T6_,12/7/2020
/2020/12/ebay-news0.46158595355439,1249,1277,1354,Eb@*a7)nz-LaZaH!,12/8/2020
/2020/12/ed-Ection0.656598053145039,35373,38733,78404,Ed6m`+'CU-:mq-8w,12/8/2020
/2020/12/eloI-info0.0734934519784052,315,320,343,El9A=x.E;Ix{?/*,12/1/2020
/2020/12/empKshion0.608581576271696,769,780,820,EmSF=ktC^*vrod*4,12/7/2020
/2020/12/epia-info0.386666555258765,381,388,414,Epy?i3bV>(S@%6A5,12/9/2020
/2020/12/eriYvideo0.211831722763779,2642,2687,2852,"Jo?$J}r_""0#/!m:",12/6/2020
/2020/12/eriuition0.511976319080227,274,276,303,ErMQSr:K^mVk#n&,12/9/2020
/2020/12/eurE-news0.741894721011152,80,82,87,ElSy~^S<@2Ij21uv,12/8/2020
/2020/12/exti-info0.402265252511838,681,697,753,AS&imOs*;/:L*GK,12/8/2020
/2020/12/eyeEdants0.0725220525719051,190,191,200,FuOomx-xOFrHWDSN,12/8/2020
/2020/12/fasB-info0.816348633740321,535,542,583,CoLgOf&u\pXj/utW,12/8/2020
/2020/12/fea[-info0.653560193080891,2151,2196,2369,FeUN(1^>@V@m>bN,12/2/2020
/2020/12/feneation0.129194935452648,237,238,250,Fe78SgP;|kvD'e'a,12/2/2020
/2020/12/ferKriver0.338422357700135,520,533,581,PU]vXmX9fgf$xf!/,12/5/2020
/2020/12/flol-info0.372095424101538,750,761,809,Bo1;@y~z)yfH>zE%,12/6/2020
/2020/12/foomigure0.613744264761519,761,769,826,FocFzs7#nWC#y4s0,12/8/2020
/2020/12/forBriant0.962430210342646,247,251,266,FonU]s_e#15bXv*5,12/8/2020
/2020/12/for_-20210.300750560382828,587,595,625,FonU]s_e#15bXv*5,12/2/2020
/2020/12/forv-info0.431519458302086,131,134,142,Epy?i3bV>(S@%6A5,12/3/2020
/2020/12/forXskins0.527519666385695,301,306,317,HaOe|~p9UZ^#pGl),12/4/2020
/2020/12/fraU-song0.12783907741133,635,645,679,Fro#U8}vVBW)/XBH,12/6/2020
/2020/12/freVtream0.87870413341332,436,450,483,Fr:/XB!_o<L/RsL',12/4/2020
/2020/12/frec-info0.925993668948318,670,680,713,GucSFJ^Q$cqTV^,12/6/2020
/2020/12/friIental0.538391897063782,121,123,128,"Lo""J""X8D1St}Zl\A",12/8/2020
/2020/12/geoC-sale0.399893803274595,240,245,262,"Ac8IJsKH,4xtY.Tk",12/4/2020
/2020/12/gmbo-look0.456031100841992,781,806,884,ASnKb$%\bjmiHho1,12/3/2020
/2020/12/golR-info0.329448315401376,884,918,991,CoGXb3uT&^.NE9Qn,12/7/2020
/2020/12/golReport0.278378349173582,188,191,199,TiR[&W3APt'(%j!\,12/7/2020
/2020/12/gooT-20210.113332327556179,353,358,371,Go`Y%6ru`GH.<.m,12/1/2020
/2020/12/gorw-info0.494381570908308,339,352,374,"GoR""gO[(;7.8u#>?",12/7/2020
/2020/12/gucLklace0.454388987552132,2904,2940,3180,Ap!FulqmT[82a2/E,12/5/2020
/2020/12/gucbkbook0.617752186222258,532,548,620,Gu5O-Ixr@HB!y+N?,12/9/2020
/2020/12/gucA-info0.263912187678505,1187,1213,1288,WaQqK)2JxI(=dac=,12/3/2020
/2020/12/haku-info0.569309598175243,219,223,242,"Ac8IJsKH,4xtY.Tk",12/8/2020
/2020/12/hasJtaple0.171756008030082,448,459,495,"Ince!T,;eW/4o\eg",12/2/2020
/2020/12/havVation0.0382560019899026,260,264,287,Hau8L!>mriLOop,12/4/2020
/2020/12/hawUsting0.964592396498561,566,575,607,MaYv(\vK4F{`#->J,12/4/2020
/2020/12/hboG-info0.618504916581906,489,502,525,HB?H:J^S0~R&dr'k,12/8/2020
/2020/12/hbxMation0.625711718216296,1112,1129,1209,Wt<kZD7cl\HYuh;?,12/3/2020
/2020/12/heiu-info0.916272369436603,737,767,834,AdBleDN@r}*Gv?E(,12/1/2020
/2020/12/helgation0.862146048788916,305,308,325,"Hé'yQ,yHMQ%rX(4",12/8/2020
/2020/12/henvm-trx0.128723405717663,248,252,270,FonU]s_e#15bXv*5,12/3/2020
/2020/12/her^ation0.535303474032521,555,567,612,HolY3FNVki9kvuC0,12/2/2020
/2020/12/higNition0.83715494038496,232,235,254,AdvwQxp]rN7CyxfH,12/2/2020
/2020/12/hod]lease0.588654100994486,1500,1556,1719,"Ac8IJsKH,4xtY.Tk",12/8/2020
/2020/12/hodE-info0.0585425875314936,651,659,707,"Ac8IJsKH,4xtY.Tk",12/1/2020
/2020/12/hofubuilt0.505319858252741,1153,1169,1271,Me}_[8WU)-c8ZZ5C,12/8/2020
/2020/12/hon]-info0.835584816950795,121,120,124,HostJUIk3tt\jG:&,12/3/2020
/2020/12/howborrow0.618528316837549,752,768,813,CoGXb3uT&^.NE9Qn,12/2/2020
/2020/12/hp-Haptop0.724927117415437,997,1024,1081,Er;aYq'5|'!?>8${,12/4/2020
/2020/12/huf[-info0.390043343039341,434,443,482,HuhwPvm:t.$Wh4VV,12/9/2020
/2020/12/hufXation0.751129744208876,777,794,853,HuhwPvm:t.$Wh4VV,12/3/2020
/2020/12/hum]-info0.175747767487925,258,259,274,"Ac8IJsKH,4xtY.Tk",12/2/2020
/2020/12/humg-info0.752469871380491,333,334,350,"Uny~Y,~<rTC^J6py",12/2/2020
/2020/12/iabSorean0.797882502093344,320,327,352,AS&imOs*;/:L*GK,12/4/2020
/2020/12/ikeG-info0.438315470889744,390,391,414,Pr*mTuePUscT!tn4,12/9/2020
/2020/12/it-Oports0.910543399767732,519,522,543,I.K}!|hhGiHK'd2B,12/7/2020
/2020/12/j-crvideo0.411325399883596,409,419,445,"J.>4'""@8pZooN<m.",12/9/2020
/2020/12/jack-info0.0224050718104114,967,1017,1070,Al_w1b7Rgo1[d5(t,12/2/2020
/2020/12/jagNe-suv0.874261712590159,255,258,276,JaIS6OYdUP=T>{9I,12/2/2020
/2020/12/jagstible0.229161869581839,664,672,718,JaIS6OYdUP=T>{9I,12/9/2020
/2020/12/japi-info0.787150661873121,5182,5269,5583,"Ka2xW00bLb8Se1,",12/7/2020
/2020/12/jas_-info0.709826731457752,231,235,247,JaT/QTKvx!o9'hd*,12/5/2020
/2020/12/jayweeknd0.444161500795691,1825,1850,2029,JaRa~ezFi6?Lld[9,12/4/2020
/2020/12/jilHction0.0734758503557468,2400,2448,2628,Ji9l)ap`~PjP<xS[,12/2/2020
/2020/12/joed-info0.573761797672406,964,984,1064,CoGXb3uT&^.NE9Qn,12/8/2020
/2020/12/joha-date0.137794631452514,1672,1701,1864,JoRu\(WU0{.q=qC/,12/9/2020
/2020/12/jonHmiami0.429655641855851,135,138,149,ThAbX3yMW>#xE2R),12/7/2020
/2020/12/jorp-date0.237550667895607,3859,3928,4256,"Jo?$J}r_""0#/!m:",12/3/2020
/2020/12/juietream0.849885113136381,236,243,265,"Bev*Ot?F9;V|\x,",12/2/2020
/2020/12/juiPtream0.557348907566512,681,702,746,"Ju7dbU$d;l&6)-b,",12/8/2020
/2020/12/jw-Ykbook0.239296267533182,421,424,452,JWvIzQ-`ze('Z$Lc,12/1/2020
/2020/12/kantalbum0.420265088159373,728,742,784,Ka53T<K8f.2M94Yd,12/9/2020
/2020/12/kaslearch0.858126307684237,548,556,611,KAJa|i7(q[86#uhA,12/9/2020
/2020/12/kawFition0.75601996110567,2396,2459,2659,Kaemj:V;+O6cOHt6,12/1/2020
/2020/12/kevxrship0.885682047584919,1200,1220,1294,Vi2U6AD.0>IT@eyc,12/1/2020
/2020/12/khar-news0.718306337072211,2714,2745,2904,"mm'&d(f:D=Wrl)""O",12/4/2020
/2020/12/kicu-date0.740642873207985,158,159,169,"Relp\+KJ?D,cWw0P",12/3/2020
/2020/12/kidD-date0.660056571114825,2034,2153,2330,Ki)a4.*Ux^KO4LC),12/7/2020
/2020/12/kimHeview0.755885364213831,2131,2183,2359,"Ki)D3jDmA,RIP68X",12/8/2020
/2020/12/kimRtails0.103897525925358,935,952,1020,NiPea$n|Eu@<@>'L,12/3/2020
/2020/12/kinqction0.346919790906764,756,769,848,WaQqK)2JxI(=dac=,12/8/2020
/2020/12/kitl-fieg0.578835685347557,1168,1216,1337,RowPip`#muwOZ[zC,12/5/2020
/2020/12/kitk-info0.438364533721634,1407,1457,1596,Ch!6^^7=RQ!;7HCE,12/4/2020
/2020/12/kraYation0.905682805058721,341,352,384,"KR\+7:bKD3""(~O8`",12/2/2020
/2020/12/l-lOpsule0.513422912634925,421,431,475,"Ac8IJsKH,4xtY.Tk",12/3/2020
/2020/12/ladBlease0.899854837750747,1011,1046,1100,La(7#_)\A=)78a\H,12/2/2020
/2020/12/leaM-cast0.960433133829541,946,961,1036,NiPea$n|Eu@<@>'L,12/5/2020
/2020/12/lebwnsion0.978736000818939,390,397,415,Lewb'M9#k[Lmc@tJ,12/2/2020
/2020/12/legEs-set0.816320677429529,443,458,496,"To{he^Wb.xvE#E},",12/6/2020
/2020/12/leg`t-kit0.18390190178531,2714,2786,3106,Levk)A7u]J|c_tFD,12/5/2020
/2020/12/lei_-info0.488021153044216,508,521,578,AtxysEOSb~n37M^u,12/4/2020
/2020/12/lewhid-190.497810318158847,169,170,178,LeT0LTT*J:K:p?0:,12/2/2020
/2020/12/lifc-info0.00192064384082091,1465,1508,1627,"Gu3iD<H.,OIEQ@s\",12/1/2020
/2020/12/lilSvideo0.323332029356149,144,147,157,"muy(D#""d02`vwt_^",12/4/2020
/2020/12/lilNasier0.363050231825012,887,895,925,lii]4XcmK?E3+*q`,12/3/2020
/2020/12/lilmtream0.741288989872238,478,488,517,"LiASahIL_Clg*,qV",12/9/2020
/2020/12/lilsvideo0.305580880747166,1956,2000,2123,Lif{`7C#WQ2%bI.h,12/7/2020
/2020/12/lilx-info0.0419663787677983,589,602,641,Lii4tS%~AUJ1})d',12/2/2020
/2020/12/lizIation0.407043971208814,255,259,274,Jex`2KBPsj*XwM_,12/3/2020
/2020/12/louUation0.111606785428475,1462,1471,1563,Lo`oaX!JFEv=Gucq,12/3/2020
/2020/12/louGcycle0.336115004411129,1642,1683,1947,Lo`oaX!JFEv=Gucq,12/2/2020
/2020/12/louxlease0.0282022389573636,3267,3310,3767,"Ac8IJsKH,4xtY.Tk",12/7/2020
/2020/12/luntrsion0.105524868308116,581,583,611,Ra7n`-H_8UWxty7=,12/8/2020
/2020/12/madfustom0.014143411819791,424,432,460,NiPea$n|Eu@<@>'L,12/2/2020
/2020/12/magE-info0.345398543510131,313,317,335,Di2&2w%Z2_S.BSoW,12/9/2020
/2020/12/mahZation0.781725511943744,588,596,630,Ma1h6&Oq{1|g$^a!,12/4/2020
/2020/12/manoe-jdm0.855542939951595,840,852,914,"To|)mWQ""c59)2m#s",12/4/2020
/2020/12/map\kbook0.276155984118253,224,227,242,"Ac8IJsKH,4xtY.Tk",12/2/2020
/2020/12/marbition0.700032041537399,130,131,144,Exa~e4sZi*|fpD<^,12/9/2020
/2020/12/marHmovie0.603121561527937,1245,1300,1372,LipW'4]JFCpaq9q,12/8/2020
/2020/12/marT-info0.908847624173365,679,692,759,ad(;%f6iD'}9EHD[,12/8/2020
/2020/12/mar]-info0.798119737204634,710,722,775,Ra8NT_MA0*FZ`xV4,12/4/2020
/2020/12/mardsting0.50073918107933,1029,1041,1155,So)zm5Pl^_G5t?q,12/9/2020
/2020/12/masCation0.438811307830287,417,422,456,St'|iJBUlXAo:$nv,12/8/2020
/2020/12/masjation0.604972834556283,527,545,602,Ea?a7zW+lZWwu$4*,12/1/2020
/2020/12/masH-punk0.927546139349285,2167,2247,2519,Ma^'{+Iy[O4I|(BB,12/3/2020
/2020/12/matr-info0.70306924128278,2538,2598,2793,NiPea$n|Eu@<@>'L,12/2/2020
/2020/12/mavJ-info0.300109242855094,1749,1775,1891,MaQWD`|s.WH_)tF,12/5/2020
/2020/12/mcde-info0.12045324786346,1113,1131,1192,Mc&v?E*9%}~WP@rD,12/1/2020
/2020/12/mclTybrid0.64423664797658,453,456,483,McTFYulgCm[Eh=@o,12/8/2020
/2020/12/medg-info0.650219098847346,352,370,430,Me)=j(k#pe;yd0FE,12/8/2020
/2020/12/medClease0.135487246292905,460,471,520,Me)=j(k#pe;yd0FE,12/4/2020
/2020/12/meet-info0.500814738151765,149,150,162,Alj|eiT8.;essHv+,12/2/2020
/2020/12/mei^e-off0.118325592601792,763,794,875,Soa!teP|jRV[MDkX,12/2/2020
/2020/12/mer[-year0.527646644129062,243,246,259,"Me,<*j""tL~1Y|s>A",12/1/2020
/2020/12/metzlease0.812699109347647,707,720,786,Ho&KCs7cGx'2lH3@,12/7/2020
/2020/12/micCtment0.0871356602649117,1442,1462,1543,MiUaU$CaeJTN%h]2,12/3/2020
/2020/12/mic[debut0.927411964963109,291,294,309,"Mi<mccd.3Z``]TI""",12/3/2020
/2020/12/mini-info0.264597515017199,494,507,540,Sk].10tP;<gnA(Av,12/2/2020
/2020/12/mit\e-red0.374165825872474,412,420,455,Mit9mWB4~zBIE2AC,12/8/2020
/2020/12/monL-info0.48991118933065,10525,10723,11566,"Mo,o.]e?.?N$}7So",12/7/2020
/2020/12/mysw-info0.612623093211583,1452,1489,1569,"Ro:i""O2.Emcst'$1",12/1/2020
/2020/12/mytOation0.688335961628354,616,628,664,"Po3XOLN;B_tN&h:,",12/1/2020
/2020/12/namx-info0.122300888111843,236,239,253,"NaY-:{$igw,<v2#h",12/3/2020
/2020/12/naot-date0.0772527429935256,2049,2105,2278,NiPea$n|Eu@<@>'L,12/4/2020
/2020/12/natR-info0.0822378475182258,2412,2475,2622,Na*wCW1;<cE:wJ{4,12/1/2020
/2020/12/nbaG-memo0.59285247130743,235,238,247,NB<ZtRQY2X10L/kj,12/7/2020
/2020/12/nbahvideo0.250136431091353,355,375,404,"muy(D#""d02`vwt_^",12/8/2020
/2020/12/nep[ition0.707920240476998,450,452,486,Nep:Wf;yaJS*l|pZ,12/8/2020
/2020/12/nerYaster0.0408927787953186,992,1016,1091,"To{he^Wb.xvE#E},",12/9/2020
/2020/12/netc-20200.402757513735545,357,362,375,Ne=:l%8x/P<_.o/U,12/2/2020
/2020/12/nettvideo0.27315316596376,12530,12667,13047,RokB/F.i?han]j_i,12/4/2020
/2020/12/newo-date0.421259661393419,1254,1274,1377,Nes[8ukT8KBR8yVs,12/5/2020
/2020/12/new^oe-og0.951878408276885,535,547,581,Nes[8ukT8KBR8yVs,12/5/2020
/2020/12/newration0.404538819219806,464,478,518,Nes[8ukT8KBR8yVs,12/1/2020
/2020/12/newr-info0.00608172455322997,504,527,579,Nes[8ukT8KBR8yVs,12/4/2020
/2020/12/newmtrail0.656305560843282,244,247,265,Nes[8ukT8KBR8yVs,12/1/2020
/2020/12/newE-20200.508164077261091,2262,2327,2464,HB*T|@Eu!kF~}ZR2,12/1/2020
/2020/12/neycction0.805266887906675,1234,1262,1363,PU]vXmX9fgf$xf!/,12/9/2020
/2020/12/nicRllery0.293562800495653,284,286,301,Exa~e4sZi*|fpD<^,12/9/2020
/2020/12/nicKailer0.757067004243723,369,376,399,NiBtFC>$5gmngibT,12/9/2020
/2020/12/nikX-info0.109661591189889,4701,4774,5153,NiPea$n|Eu@<@>'L,12/4/2020
/2020/12/nikS-info0.0116684675497998,882,896,996,NiPea$n|Eu@<@>'L,12/3/2020
/2020/12/nikk-info0.832081429347524,4482,4616,5104,NiPea$n|Eu@<@>'L,12/8/2020
/2020/12/nikI-info0.541185983425102,830,844,912,"Jo?$J}r_""0#/!m:",12/7/2020
/2020/12/nik[6-1000.604945202694664,849,864,932,NiPea$n|Eu@<@>'L,12/2/2020
/2020/12/niko-info0.323965507412188,4321,4465,4827,NiPea$n|Eu@<@>'L,12/3/2020
/2020/12/nikElease0.735501760181181,459,464,494,NiPea$n|Eu@<@>'L,12/7/2020
/2020/12/nika-info0.0729327520620108,406,412,444,NiPea$n|Eu@<@>'L,12/3/2020
/2020/12/nikA-date0.838871724401339,5673,5777,6894,NiPea$n|Eu@<@>'L,12/4/2020
/2020/12/nikX-date0.567250506260695,2622,2673,2914,NiNwUQ`3\<XA;x4,12/2/2020
/2020/12/nikp-date0.000888299952362948,1152,1175,1284,NiPea$n|Eu@<@>'L,12/9/2020
/2020/12/nikxstory0.46201262537032,1282,1331,1475,NiPea$n|Eu@<@>'L,12/7/2020
/2020/12/nikp-date0.0445480925277242,457,467,510,NiPea$n|Eu@<@>'L,12/2/2020
/2020/12/nikY-info0.0618757916650665,358,367,396,NiPea$n|Eu@<@>'L,12/1/2020
/2020/12/nikm-date0.577982095905238,311,318,342,NiPea$n|Eu@<@>'L,12/5/2020
/2020/12/nikT5-0010.796493593009524,203,206,223,NiPea$n|Eu@<@>'L,12/8/2020
/2020/12/nikV-info0.951359780499129,853,866,931,NiPea$n|Eu@<@>'L,12/8/2020
/2020/12/nik^eason0.640507211184652,676,682,734,NiPea$n|Eu@<@>'L,12/9/2020
/2020/12/niks-info0.849801023405092,1059,1090,1181,NiPea$n|Eu@<@>'L,12/1/2020
/2020/12/nikq-info0.478496113942764,650,656,697,NiPea$n|Eu@<@>'L,12/3/2020
/2020/12/nikmsuede0.36038941228386,2031,2100,2293,NiPea$n|Eu@<@>'L,12/8/2020
/2020/12/nins-date0.466860531351714,374,379,419,ad(;%f6iD'}9EHD[,12/2/2020
/2020/12/nonhblack0.501613454571997,1329,1399,1594,AS&imOs*;/:L*GK,12/9/2020
/2020/12/norTtails0.042372411025372,357,360,373,"NojcHA"";`/e!;}W",12/2/2020
/2020/12/ntwMeases0.549815429498768,934,957,1028,BebR[?kqEu<o7VT/,12/4/2020
/2020/12/ntwKaffle0.123157297315018,190,195,204,NTJo~3&r%<'UEy!t,12/3/2020
/2020/12/odew-info0.887731390735699,883,906,965,XbZ&mlO2;>iEdu\=,12/7/2020
/2020/12/offKustom0.672494916103827,482,489,515,BaM;gk|):j72N5{Y,12/1/2020
/2020/12/offD-fw200.571264757098448,287,294,311,BoC*$/].Mo6|B&z@,12/3/2020
/2020/12/omap-park0.905062425899655,723,733,786,AryYV46O9(Znn]88,12/3/2020
/2020/12/oscFsting0.736693013348558,1383,1430,1520,Ko!3whBs[z:''eye,12/6/2020
/2020/12/ottYspace0.545681947842739,159,160,172,OtT*1EF}.Bbjexck,12/2/2020
/2020/12/ourL-gait0.153435825564316,174,177,186,OuSj5?DSb/UGNU1!,12/2/2020
/2020/12/ourBtails0.228520298488478,1302,1328,1464,"StVD}k9va/,$huE}",12/9/2020
/2020/12/ovexd-suv0.399103591823544,897,907,969,Ra7n`-H_8UWxty7=,12/4/2020
/2020/12/paldpuffa0.546912180647628,3016,3168,3636,"CI,ud3N|I~r4-R$Y",12/1/2020
/2020/12/palqation0.810323936895025,5117,5306,5795,Goynq'kB.nGZ$-4,12/7/2020
/2020/12/panB-info0.504382870381286,196,197,208,Lo:}7^:YFSc4xYIs,12/1/2020
/2020/12/panMellow0.0764404383353449,1418,1446,1601,PaKy!>LG{nFCTyt@,12/9/2020
/2020/12/parx-info0.839992161178049,256,259,273,PaxH>}`m6tcxRT/b,12/2/2020
/2020/12/peab-info0.573245843733607,174,176,187,PED][L!YOF=|U3d,12/8/2020
/2020/12/petL-info0.485975447598053,580,599,646,EmtaQo<_/>N4%n,12/7/2020
/2020/12/petY-info0.272940106165201,302,305,324,PegKEsb4L|tfOmrA,12/1/2020
/2020/12/pety-info0.25074176501863,1266,1290,1379,Thg\2IQ##Rdz7T>H,12/3/2020
/2020/12/petk-tour0.509092769226882,288,298,328,Peajv?&rvn_aRqbw,12/3/2020
/2020/12/phaZ-date0.204939940240037,754,765,820,ad(;%f6iD'}9EHD[,12/1/2020
/2020/12/phaF-info0.73631465438869,1829,1860,2011,ad(;%f6iD'}9EHD[,12/7/2020
/2020/12/phap-race0.436967429632779,719,724,786,"Ph,getRZ~~nFr2G",12/3/2020
/2020/12/phaFement0.60234822813533,1278,1309,1438,"Ph,getRZ~~nFr2G",12/7/2020
/2020/12/phag-info0.598053848192246,125,127,135,"Ph,getRZ~~nFr2G",12/3/2020
/2020/12/phaD-info0.137521066105557,227,233,246,"Ph,getRZ~~nFr2G",12/1/2020
/2020/12/pj-uation0.603385940942077,301,306,322,"PJ_6G1.wI""[A4i^m",12/4/2020
/2020/12/pok_-info0.966850081759284,500,513,554,Po?o(BPQ8qeQ>)5,12/9/2020
/2020/12/pokH-info0.753959537323273,1457,1485,1606,"Au~batJ,;f.6lL:q",12/1/2020
/2020/12/pokE-news0.102545710495636,2144,2208,2370,Po?o(BPQ8qeQ>)5,12/4/2020
/2020/12/por\tream0.688685604850264,1229,1248,1401,Al_w1b7Rgo1[d5(t,12/3/2020
/2020/12/porFollab0.555495734335179,1133,1154,1272,"Ac8IJsKH,4xtY.Tk",12/8/2020
/2020/12/poss-idea0.807622774364598,212,218,231,AIuJ|1UfPv]{T^N.,12/1/2020
/2020/12/praSboost0.595692563355135,4172,4277,4572,ad(;%f6iD'}9EHD[,12/1/2020
/2020/12/preUlease0.192409455758132,346,352,375,"To{he^Wb.xvE#E},",12/2/2020
/2020/12/preration0.45836463725553,315,320,344,LeU&SlUG.~w%I\.2,12/9/2020
/2020/12/pumotails0.728594329997723,735,767,823,PU]vXmX9fgf$xf!/,12/3/2020
/2020/12/pumWather0.670650933061919,376,383,425,PU]vXmX9fgf$xf!/,12/9/2020
/2020/12/radN-info0.554767499883967,139,141,146,DiCo4(99zZ<nkafj,12/3/2020
/2020/12/ral^-42mm0.93167684840589,275,277,299,"Ac8IJsKH,4xtY.Tk",12/8/2020
/2020/12/ranb-info0.182354353368338,604,620,685,Nes[8ukT8KBR8yVs,12/7/2020
/2020/12/rapWlease0.971956531336983,1722,1752,1848,RaYRYa*D$GGM>a>t,12/2/2020
/2020/12/raztlease0.171628202054674,1303,1327,1391,RaKu.N[vVbO;Yyw,12/4/2020
/2020/12/reax-info0.347543382452387,256,258,274,HB*=>B`/UVV{^@$w,12/8/2020
/2020/12/reet-info0.647171158691682,428,435,465,"Relp\+KJ?D,cWw0P",12/5/2020
/2020/12/remLrview0.566945333521875,1576,1615,1723,"Mo,o.]e?.?N$}7So",12/7/2020
/2020/12/ricOlease0.528185410307296,167,170,183,Jex`2KBPsj*XwM_,12/9/2020
/2020/12/ricy-info0.635269758678153,180,181,187,Ria:@?@yk=INvZKU,12/1/2020
/2020/12/ricatream0.840171294924872,121,124,129,Al_w1b7Rgo1[d5(t,12/3/2020
/2020/12/rolD-info0.73078633280144,953,960,1016,RoM;O;CE5:p>])o,12/2/2020
/2020/12/ruf[ercar0.974076802747625,1111,1138,1211,PonYkg269hQ6=P_\,12/3/2020
/2020/12/run[lease0.403135373859991,215,222,248,Ja+C3M;w48_L4[>,12/9/2020
/2020/12/ruse-coat0.583627976421416,636,647,696,ShU90wqIx@$<YgFm,12/5/2020
/2020/12/ryaPom-ad0.539829997327652,5927,6319,7028,RyXsu(2fbc)=nM75,12/5/2020
/2020/12/sacC-info0.790514456975313,1222,1275,1424,Abck!O7>ZWue<%m/,12/2/2020
/2020/12/sacA-info0.350657851007066,520,527,556,frUg|tv^erM5|zD,12/9/2020
/2020/12/sacX5-2000.097341192330178,1357,1393,1510,Sag24gG(BTO~]N$v,12/3/2020
/2020/12/sacd-info0.445304554745323,1211,1239,1310,NiPea$n|Eu@<@>'L,12/3/2020
/2020/12/saiMvideo0.8239039800013,2264,2332,2517,"MouDd/fn,XEARhBp",12/6/2020
/2020/12/saiL-info0.0276071068210992,377,384,404,HeB&4=>+\[lCAR0G,12/3/2020
/2020/12/salRition0.357480646042617,240,242,255,Fi6Y<)|nZo`._9XA,12/1/2020
/2020/12/salFtails0.0177508805418839,1389,1434,1566,SaO2(yotyAQ/wpGY,12/7/2020
/2020/12/samH-info0.449668884316753,108,110,119,WOQN0'ta5_3ibHR_,12/3/2020
/2020/12/satapsule0.333699860171202,744,762,834,SaS:AVB]j7QzNi&M,12/8/2020
/2020/12/seaE-info0.251219133696104,4695,4849,5341,NiPea$n|Eu@<@>'L,12/4/2020
/2020/12/seaH-info0.382677911068006,267,270,291,"SevQR{GSSm|YB,CS",12/8/2020
/2020/12/secj-info0.302067891371528,1142,1181,1311,AA=~6K<0=v=%<;iJ,12/4/2020
/2020/12/seipc07090.56680562061902,1216,1237,1344,"Ac8IJsKH,4xtY.Tk",12/3/2020
/2020/12/shah-info0.809279694623773,392,398,419,ShQ~s\Ms8bAO<2g,12/1/2020
/2020/12/shaY-info0.275397028527969,230,238,251,"Boj)4CUt%TnbMD""W",12/4/2020
/2020/12/sicfition0.92898974697785,181,185,195,Exa~e4sZi*|fpD<^,12/4/2020
/2020/12/sinZ-info0.575131996910278,174,180,196,Lo:}7^:YFSc4xYIs,12/8/2020
/2020/12/sinQ-info0.070289821165494,583,596,635,"Si%j""}e~:)#)F<'4",12/3/2020
/2020/12/sin`ation0.229017497410336,236,238,257,Mi%^>1D]:`tg0%?$,12/3/2020
/2020/12/snea-pack0.543884687810187,393,402,434,NiPea$n|Eu@<@>'L,12/7/2020
/2020/12/socWation0.602220269568925,109,113,121,An}9K0'Y8J{8#KAV,12/1/2020
/2020/12/socm-club0.287381447473633,169,173,189,An}9K0'Y8J{8#KAV,12/7/2020
/2020/12/socS-look0.745498488831588,563,583,631,ad(;%f6iD'}9EHD[,12/2/2020
/2020/12/son[kbook0.671109989499581,295,296,317,So\6s&s>*5&\T96,12/9/2020
/2020/12/sotg-20200.891913076193805,391,398,433,Soa!teP|jRV[MDkX,12/8/2020
/2020/12/staVlease0.657691405813596,452,468,502,St6{Rrn)0w|WM/ep,12/9/2020
/2020/12/staQrview0.174360695696026,1103,1119,1166,St6{Rrn)0w|WM/ep,12/1/2020
/2020/12/steekbook0.0467068626813897,430,432,462,Lo:}7^:YFSc4xYIs,12/9/2020
/2020/12/stevtream0.485216638884371,305,320,338,Al_w1b7Rgo1[d5(t,12/6/2020
/2020/12/stic-info0.735241266829281,408,418,446,AE]~*@W:f_=>b3*Z,12/3/2020
/2020/12/sto^label0.689551977998296,209,210,218,St2R&tIS$+|WSi,12/1/2020
/2020/12/strc-info0.909158191676632,125,126,134,KuKiA|qyR_07DNXJ,12/7/2020
/2020/12/stuPailer0.616259909455919,595,609,673,AnPoI\$xgW.:kgQ{,12/2/2020
/2020/12/stu[-info0.253594301916318,3299,3385,3733,"StVD}k9va/,$huE}",12/7/2020
/2020/12/stuC-info0.677784412201465,11545,11887,13109,"StVD}k9va/,$huE}",12/3/2020
/2020/12/stuW-info0.229009333765123,285,285,294,"StVD}k9va/,$huE}",12/3/2020
/2020/12/supB-info0.696374523177401,326,335,360,Su9JFbYW(9lrbYkD,12/9/2020
/2020/12/supn-list0.830040238238242,3336,3402,3682,SuUM.u7T\&9RNdZ6,12/2/2020
/2020/12/supj-list0.0231273080310623,3057,3140,3488,SuUM.u7T\&9RNdZ6,12/9/2020
/2020/12/supi-info0.674331758816445,6004,6190,6731,SuUM.u7T\&9RNdZ6,12/7/2020
/2020/12/taseation0.706411958412163,204,206,223,Bo1;@y~z)yfH>zE%,12/8/2020
/2020/12/tayFedges0.192026490667327,1409,1426,1521,TiR[&W3APt'(%j!\,12/4/2020
/2020/12/teauarden0.255966885219304,399,410,448,teR`I5lu(20{q~7E,12/3/2020
/2020/12/tedMlease0.0892574179857801,272,277,294,Hav_T.i4IVdEg^Hj,12/7/2020
/2020/12/testiling0.236397398551524,546,552,583,Te0.)edhJTDlX%vE,12/8/2020
/2020/12/texwvideo0.736489514658776,1075,1103,1179,Wu$HxwUMHCUi{sU,12/3/2020
/2020/12/teyw-info0.830637755239708,480,486,506,Te2H2xp&3+gX<MC,12/6/2020
/2020/12/thesblack0.243521032555876,275,279,298,Sk].10tP;<gnA(Av,12/3/2020
/2020/12/theB-date0.81213075669574,566,580,673,"Th/mp_89*Fq},z40",12/2/2020
/2020/12/theT-news0.0313988708336485,1329,1348,1441,Thg\2IQ##Rdz7T>H,12/3/2020
/2020/12/theueveal0.074191074172089,1698,1730,1877,CaY`f3_X?^5MQ|'d,12/8/2020
/2020/12/thev-info0.860417923192629,787,804,843,ThgQNp?BtjmQ3c&>,12/4/2020
/2020/12/theGforms0.487550061643457,420,425,456,Pr}$*Jo.d%d+0s:I,12/1/2020
/2020/12/thiplease0.840056047585153,383,393,416,"Ph,getRZ~~nFr2G",12/1/2020
/2020/12/thib-news0.282298119337238,1285,1298,1364,CaY`f3_X?^5MQ|'d,12/4/2020
/2020/12/thoylease0.785517947770064,857,903,978,"Th2g]s,WfvP[@fT^",12/3/2020
/2020/12/thuj-info0.278654817119353,533,545,596,frUg|tv^erM5|zD,12/9/2020
/2020/12/tigG-info0.964070461401962,204,204,218,"Shcoa),tJLIY1^l_",12/2/2020
/2020/12/tikxuence0.214264809691978,1459,1476,1607,Tr1)L/A]=of['Qhn,12/2/2020
/2020/12/timeissue0.524806372608558,616,626,696,"Ac8IJsKH,4xtY.Tk",12/8/2020
/2020/12/tinO-info0.524277603441491,986,999,1051,TiOW:#?H7eMN){LY,12/7/2020
/2020/12/tm8jtream0.873579460009006,125,127,133,Wi5vSi2JZgD*y|O[,12/7/2020
/2020/12/tobKe-ceo0.133600473648666,477,482,511,"Ac8IJsKH,4xtY.Tk",12/3/2020
/2020/12/tomNmouse0.958986533801328,744,753,806,GCXpbra<^Lm/5dC,12/4/2020
/2020/12/tomR-info0.233293728633544,1573,1594,1686,NiPea$n|Eu@<@>'L,12/7/2020
/2020/12/toyL-mask0.411587077950561,195,198,208,"To|)mWQ""c59)2m#s",12/4/2020
/2020/12/traS-info0.448360342874024,375,383,410,Ne=:l%8x/P<_.o/U,12/8/2020
/2020/12/traE-info0.659774354893587,1114,1138,1209,NiPea$n|Eu@<@>'L,12/1/2020
/2020/12/traOation0.551595196602366,939,966,1034,Tr1)L/A]=of['Qhn,12/9/2020
/2020/12/trejtream0.436716682193667,160,164,175,Da=~O5IOxMznh\2{,12/8/2020
/2020/12/treDrcons0.486163527747932,319,325,354,Pr}$*Jo.d%d+0s:I,12/3/2020
/2020/12/triOvideo0.276676846760654,328,333,353,"muy(D#""d02`vwt_^",12/8/2020
/2020/12/tridation0.865959323840897,133,134,141,"PrK4o:,^(M""#Y|yJ",12/2/2020
/2020/12/trobhotos0.430881773750675,3626,3701,4030,"Jo?$J}r_""0#/!m:",12/9/2020
/2020/12/twiO-word0.109741844099603,813,832,890,Mc&v?E*9%}~WP@rD,12/9/2020
/2020/12/tygboraww0.0915621394874353,1339,1354,1458,Ty'/0_5dc?P9JKLf,12/9/2020
/2020/12/tylN-clip0.27573342294263,6055,6200,6474,TyfLl\A}(gu*00^y,12/1/2020
/2020/12/uclC-info0.259902257247285,534,543,578,NiPea$n|Eu@<@>'L,12/8/2020
/2020/12/ufcvlease0.598412497206306,331,343,369,"mm'&d(f:D=Wrl)""O",12/8/2020
/2020/12/un-O-info0.485052792596082,395,400,425,Ma~Xx{@/dY]50d8D,12/3/2020
/2020/12/undo-info0.388046125289126,728,740,813,NiPea$n|Eu@<@>'L,12/7/2020
/2020/12/undh-info0.344743360053024,1835,1866,1980,NiPea$n|Eu@<@>'L,12/4/2020
/2020/12/undU-info0.369610641180694,575,581,608,"Uny~Y,~<rTC^J6py",12/7/2020
/2020/12/uniytails0.100758878257588,409,421,454,ViW:PpI(}YJB]WU~,12/4/2020
/2020/12/unig-info0.719575568383737,1500,1537,1648,"Ac8IJsKH,4xtY.Tk",12/3/2020
/2020/12/unig-info0.138669371008481,1297,1319,1399,Nia_TfHUVDtT>6-s,12/8/2020
/2020/12/uniEation0.994594533124302,306,310,329,"Un{p*l5Y2""'#-xfg",12/2/2020
/2020/12/uriJ-info0.229026815754046,1605,1630,1716,Nia_TfHUVDtT>6-s,12/3/2020
/2020/12/us-pation0.23737330864354,653,663,695,Ma~Xx{@/dY]50d8D,12/7/2020
/2020/12/vanSavery0.337765189586389,400,405,426,"MouDd/fn,XEARhBp",12/2/2020
/2020/12/vanMtists0.0499183505700914,5248,6364,25110,"Vag9""-Z=gN30ND@[",12/9/2020
/2020/12/vanAction0.315573410341238,309,310,330,"Vag9""-Z=gN30ND@[",12/9/2020
/2020/12/vertrview0.855542342845055,2521,2555,2797,Ve)+CX_QuFmc\<@f,12/8/2020
/2020/12/vetssalia0.105184586361579,287,291,305,"Relp\+KJ?D,cWw0P",12/9/2020
/2020/12/viaAement0.487434176626551,165,170,181,"Ba[fUm2df\r2\%""}",12/4/2020
/2020/12/vic^ation0.896090694366047,2038,2119,2341,ad(;%f6iD'}9EHD[,12/3/2020
/2020/12/virU-info0.108513996970602,2318,2338,2449,"Ac8IJsKH,4xtY.Tk",12/4/2020
/2020/12/virPtails0.595915125812402,669,677,718,Je+%a%=O-?x]gn2=,12/3/2020
/2020/12/warI-offs0.507558030085632,3455,3520,3761,NiPea$n|Eu@<@>'L,12/3/2020
/2020/12/watJr-b010.569164316073955,407,415,451,"Br|d#9""fZwR|o^i~",12/6/2020
/2020/12/whiF-room0.812053178919944,420,423,458,ArkTE20_$cgtae6t,12/2/2020
/2020/12/worrarger0.575361732215535,1975,2006,2158,"Fa=E2e1b8IX[@0,%",12/1/2020
/2020/12/xia_20-q30.493552468809649,484,488,512,Sa?9zXUH5iJbuE'S,12/1/2020
/2020/12/yinfbowls0.6558670149224,130,133,142,HoXbja)qT:ESE8#,12/1/2020
/2020/12/yosolease0.0455049365834417,315,326,365,"YoRQW7@*&5W+~4Y""",12/3/2020
/2020/12/you^-info0.127669879156147,1420,1448,1616,"MouDd/fn,XEARhBp",12/6/2020
/2020/12/youe-info0.729842478879044,484,488,510,"yo4}AUKGso=,?!DX",12/4/2020
/2020/12/zahJuseum0.120647638596675,823,838,887,Chw1fD(grL&W)5k,12/5/2020
,,,,,
,,,,,
,,,,,
,,,,,
,,,,,
,,,,,
,,,,,
,,,,,
,,,,,
,,,,,
,,,,,
,,,,,
,,,,,
,,,,,
,,,,,
,,,,,
,,,,,
,,,,,
,,,,,
,,,,,
,,,,,
,,,,,
,,,,,
,,,,,
,,,,,
,,,,,
,,,,,
,,,,,
,,,,,
,,,,,
,,,,,
,,,,,
,,,,,
,,,,,
,,,,,
,,,,,
,,,,,
,,,,,
,,,,,
,,,,,
,,,,,
,,,,,
,,,,,
,,,,,
,,,,,
,,,,,
,,,,,
,,,,,
,,,,,
,,,,,
,,,,,
,,,,,
,,,,,
,,,,,
,,,,,
,,,,,
,,,,,
,,,,,
,,,,,
,,,,,
,,,,,
,,,,,
,,,,,
,,,,,
,,,,,
,,,,,
,,,,,
,,,,,
,,,,,
,,,,,
,,,,,
,,,,,
,,,,,
,,,,,
,,,,,
,,,,,
,,,,,
,,,,,
,,,,,
,,,,,
,,,,,
,,,,,
,,,,,
,,,,,
,,,,,
,,,,,
,,,,,
,,,,,
,,,,,
,,,,,
,,,,,
,,,,,
,,,,,
,,,,,
,,,,,
,,,,,
,,,,,
,,,,,
,,,,,
,,,,,
,,,,,
,,,,,
,,,,,
,,,,,
,,,,,
,,,,,
,,,,,
,,,,,
,,,,,
,,,,,
,,,,,
,,,,,
,,,,,
,,,,,
,,,,,
,,,,,
,,,,,
,,,,,
,,,,,
,,,,,
,,,,,
,,,,,
,,,,,
,,,,,
,,,,,
,,,,,
,,,,,
,,,,,
,,,,,
,,,,,
,,,,,
,,,,,
,,,,,
,,,,,
,,,,,
,,,,,
,,,,,
,,,,,
,,,,,
,,,,,
,,,,,
,,,,,
,,,,,
,,,,,
,,,,,
,,,,,
,,,,,
,,,,,
,,,,,
,,,,,
,,,,,
,,,,,
,,,,,
,,,,,
,,,,,
,,,,,
,,,,,
,,,,,
,,,,,
,,,,,
,,,,,
,,,,,
,,,,,
,,,,,
,,,,,
,,,,,
,,,,,
,,,,,
,,,,,
,,,,,
,,,,,
,,,,,
,,,,,
,,,,,
,,,,,
,,,,,
,,,,,
,,,,,
,,,,,
,,,,,
,,,,,
,,,,,
,,,,,
,,,,,
,,,,,
,,,,,
,,,,,
,,,,,
,,,,,
,,,,,
,,,,,
,,,,,
,,,,,
,,,,,
,,,,,
,,,,,
,,,,,
,,,,,
,,,,,
,,,,,
,,,,,
,,,,,
,,,,,
,,,,,
,,,,,
,,,,,
,,,,,
,,,,,
,,,,,
,,,,,
,,,,,
,,,,,
,,,,,
,,,,,
,,,,,
,,,,,
,,,,,
,,,,,
,,,,,
,,,,,
,,,,,
,,,,,
,,,,,
,,,,,
,,,,,
,,,,,
,,,,,
,,,,,
,,,,,
,,,,,
,,,,,
,,,,,
,,,,,
,,,,,
,,,,,
,,,,,
,,,,,
,,,,,
,,,,,
,,,,,
,,,,,
,,,,,
,,,,,
,,,,,
,,,,,
,,,,,
,,,,,
,,,,,
,,,,,
,,,,,
,,,,,
,,,,,
,,,,,
,,,,,
,,,,,
,,,,,
,,,,,
,,,,,
,,,,,
,,,,,
,,,,,
,,,,,
,,,,,
,,,,,
,,,,,
,,,,,
,,,,,
,,,,,
,,,,,
,,,,,
,,,,,
,,,,,
,,,,,
,,,,,
,,,,,
,,,,,
,,,,,
,,,,,
,,,,,
,,,,,
,,,,,
,,,,,
,,,,,
,,,,,
,,,,,
,,,,,
,,,,,
,,,,,
,,,,,
,,,,,
,,,,,
,,,,,
,,,,,
,,,,,
,,,,,
,,,,,
,,,,,
,,,,,
,,,,,
,,,,,
,,,,,
,,,,,
,,,,,
,,,,,
,,,,,
,,,,,
,,,,,
,,,,,
,,,,,
,,,,,
,,,,,
,,,,,
,,,,,
,,,,,
,,,,,
,,,,,
,,,,,
,,,,,
,,,,,
,,,,,
,,,,,
,,,,,
,,,,,
,,,,,
,,,,,
,,,,,
,,,,,
,,,,,
,,,,,
,,,,,
,,,,,
,,,,,
,,,,,
,,,,,
,,,,,
,,,,,
,,,,,
,,,,,
,,,,,
,,,,,
,,,,,
,,,,,
,,,,,
,,,,,
,,,,,
,,,,,
,,,,,
,,,,,
,,,,,
,,,,,
,,,,,
,,,,,
,,,,,
,,,,,
,,,,,
,,,,,
,,,,,
,,,,,
,,,,,
,,,,,
,,,,,
,,,,,
,,,,,
,,,,,
,,,,,
,,,,,
,,,,,
,,,,,
,,,,,
,,,,,
,,,,,
,,,,,
,,,,,
,,,,,
,,,,,
,,,,,
,,,,,
,,,,,
,,,,,
,,,,,
,,,,,
,,,,,
,,,,,
,,,,,
,,,,,
,,,,,
,,,,,
,,,,,
,,,,,
,,,,,
,,,,,
,,,,,
,,,,,
,,,,,
,,,,,
,,,,,
,,,,,
,,,,,
,,,,,
,,,,,
,,,,,
,,,,,
,,,,,
,,,,,
,,,,,
,,,,,
,,,,,
,,,,,
,,,,,
,,,,,
,,,,,
,,,,,
,,,,,
,,,,,
,,,,,
,,,,,
,,,,,
,,,,,
,,,,,
,,,,,
,,,,,
,,,,,
,,,,,
,,,,,
,,,,,
,,,,,
,,,,,
,,,,,
,,,,,
,,,,,
,,,,,
,,,,,
,,,,,
,,,,,
,,,,,
,,,,,
,,,,,
,,,,,
,,,,,
,,,,,
,,,,,
,,,,,
,,,,,
,,,,,
,,,,,
,,,,,
,,,,,
,,,,,
,,,,,
,,,,,
,,,,,
,,,,,
,,,,,
,,,,,
,,,,,
,,,,,
,,,,,
,,,,,
,,,,,
,,,,,
,,,,,
,,,,,
,,,,,
,,,,,
,,,,,
,,,,,
,,,,,
,,,,,
,,,,,
,,,,,
,,,,,
,,,,,
,,,,,
,,,,,
,,,,,
,,,,,
,,,,,
,,,,,
,,,,,
,,,,,
,,,,,
,,,,,
,,,,,
,,,,,
,,,,,
,,,,,
,,,,,
,,,,,
,,,,,
,,,,,
,,,,,
,,,,,
,,,,,
,,,,,
,,,,,
,,,,,
,,,,,
,,,,,
,,,,,
,,,,,
,,,,,
,,,,,
,,,,,
,,,,,
,,,,,
,,,,,
,,,,,
,,,,,
,,,,,
,,,,,
,,,,,
,,,,,
,,,,,
,,,,,
,,,,,
,,,,,
,,,,,
,,,,,
,,,,,
,,,,,
,,,,,
,,,,,
,,,,,
,,,,,
,,,,,
,,,,,
,,,,,
,,,,,
,,,,,
,,,,,
,,,,,
,,,,,
,,,,,
